ID Cliente,Mes,Ingreso mensual total,Transferencias salientes,Comisiones,Saldo,Pago intereses
1,1,1677.76,151.44,7.57,23270.00,3.88
1,2,1754.36,150.79,7.54,23603.00,3.93
1,3,1944.78,103.74,5.19,16860.00,2.81
1,4,2134.24,112.80,5.64,21390.00,3.57
1,5,1330.10,151.34,7.57,21226.00,3.54
1,6,1624.79,103.91,5.20,21191.00,3.53
1,7,1640.28,150.45,7.52,19772.00,3.30
1,8,1882.78,147.50,7.38,19092.00,3.18
1,9,1835.60,159.66,7.98,21734.00,3.62
1,10,1506.85,137.44,6.87,22265.00,3.71
1,11,1753.33,140.88,7.04,16466.00,2.74
1,12,1570.23,197.95,9.90,21334.00,3.56
2,1,1885.54,175.22,8.76,20426.00,3.40
2,2,1679.60,167.53,8.38,21578.00,3.60
2,3,2202.37,145.64,7.28,22231.00,3.71
2,4,1485.73,174.28,8.71,19444.00,3.24
2,5,1536.44,154.62,7.73,19171.00,3.20
2,6,1859.39,151.53,7.58,18919.00,3.15
2,7,1349.92,206.73,10.34,23831.00,3.97
2,8,1507.11,140.75,7.04,16130.00,2.69
2,9,1549.36,147.04,7.35,17685.00,2.95
2,10,2349.06,132.86,6.64,23476.00,3.91
2,11,2384.00,133.35,6.67,16769.00,2.79
2,12,2100.30,169.05,8.45,18391.00,3.07
3,1,1911.46,187.65,9.38,21611.00,3.60
3,2,1559.20,149.89,7.49,23581.00,3.93
3,3,2120.59,134.94,6.75,22949.00,3.82
3,4,1747.04,116.25,5.81,18433.00,3.07
3,5,1529.68,115.07,5.75,21311.00,3.55
3,6,1801.89,192.39,9.62,21051.00,3.51
3,7,1300.14,147.42,7.37,22420.00,3.74
3,8,1692.98,126.47,6.32,17184.00,2.86
3,9,1695.10,185.17,9.26,20555.00,3.43
3,10,1425.15,113.24,5.66,19385.00,3.23
3,11,1906.45,153.92,7.70,20117.00,3.35
3,12,1900.06,127.94,6.40,22396.00,3.73
4,1,2060.50,177.08,8.85,20843.00,3.47
4,2,1761.85,150.10,7.51,18904.00,3.15
4,3,2484.78,124.74,6.24,23728.00,3.95
4,4,2443.32,150.29,7.51,16474.00,2.75
4,5,1332.50,162.47,8.12,17082.00,2.85
4,6,1926.98,135.70,6.79,18558.00,3.09
4,7,1569.39,137.39,6.87,23849.00,3.97
4,8,1609.45,131.22,6.56,18047.00,3.01
4,9,1735.25,109.68,5.48,23643.00,3.94
4,10,1916.77,144.76,7.24,18747.00,3.12
4,11,1508.69,150.16,7.51,16975.00,2.83
4,12,1482.99,181.54,9.08,17806.00,2.97
5,1,1675.96,196.22,9.81,16189.00,2.70
5,2,2002.47,160.92,8.05,23101.00,3.85
5,3,1349.94,130.34,6.52,18734.00,3.12
5,4,2073.68,177.94,8.90,19005.00,3.17
5,5,1595.53,148.69,7.43,20658.00,3.44
5,6,1759.75,177.66,8.88,17899.00,2.98
5,7,1758.51,197.32,9.87,23734.00,3.96
5,8,1513.95,114.99,5.75,17267.00,2.88
5,9,1934.85,131.11,6.56,22975.00,3.83
5,10,1297.64,158.97,7.95,17528.00,2.92
5,11,1387.86,137.98,6.90,19202.00,3.20
5,12,2078.15,125.07,6.25,19556.00,3.26
6,1,1907.93,143.37,7.17,19890.00,3.32
6,2,1950.85,140.19,7.01,16646.00,2.77
6,3,1966.18,175.94,8.80,22164.00,3.69
6,4,1269.10,189.44,9.47,18888.00,3.15
6,5,1892.54,152.49,7.62,22310.00,3.72
6,6,1768.51,168.87,8.44,21393.00,3.57
6,7,1840.12,184.47,9.22,18435.00,3.07
6,8,1691.37,141.72,7.09,16600.00,2.77
6,9,2140.07,173.35,8.67,18363.00,3.06
6,10,1871.67,148.09,7.40,18061.00,3.01
6,11,2468.87,134.82,6.74,16241.00,2.71
6,12,1849.00,177.07,8.85,18041.00,3.01
7,1,2140.30,190.90,9.55,18824.00,3.14
7,2,1568.53,158.56,7.93,23513.00,3.92
7,3,1669.99,197.68,9.88,18612.00,3.10
7,4,1986.98,198.94,9.95,23041.00,3.84
7,5,1231.25,136.86,6.84,17363.00,2.89
7,6,1367.35,138.71,6.94,22235.00,3.71
7,7,1444.08,148.48,7.42,21486.00,3.58
7,8,1331.51,142.55,7.13,23099.00,3.85
7,9,1646.50,181.33,9.07,17478.00,2.91
7,10,1616.52,159.15,7.96,23595.00,3.93
7,11,1841.88,156.27,7.81,18556.00,3.09
7,12,2157.09,154.52,7.73,16775.00,2.80
8,1,1795.22,136.67,6.83,20014.00,3.34
8,2,1547.49,132.36,6.62,16034.00,2.67
8,3,1834.25,159.28,7.96,22349.00,3.72
8,4,1946.79,124.34,6.22,19152.00,3.19
8,5,1837.24,151.08,7.55,17955.00,2.99
8,6,1549.95,158.28,7.91,17585.00,2.93
8,7,1456.61,119.38,5.97,19943.00,3.32
8,8,1882.23,171.53,8.58,23555.00,3.93
8,9,1434.69,163.49,8.17,19073.00,3.18
8,10,1881.27,161.65,8.08,17021.00,2.84
8,11,1790.14,171.25,8.56,19461.00,3.24
8,12,1790.13,148.05,7.40,18613.00,3.10
9,1,1429.81,142.52,7.13,21225.00,3.54
9,2,1493.04,192.56,9.63,19843.00,3.31
9,3,1411.90,143.70,7.19,23989.00,4.00
9,4,1749.27,136.86,6.84,17500.00,2.92
9,5,1573.96,148.58,7.43,20798.00,3.47
9,6,1622.83,174.66,8.73,22545.00,3.76
9,7,1828.90,121.05,6.05,22873.00,3.81
9,8,2264.39,135.52,6.78,21675.00,3.61
9,9,2047.94,183.92,9.20,16161.00,2.69
9,10,1833.41,148.20,7.41,20297.00,3.38
9,11,2270.60,144.47,7.22,17981.00,3.00
9,12,1807.87,176.73,8.84,16995.00,2.83
10,1,2063.32,186.91,9.35,22413.00,3.74
10,2,2057.99,159.73,7.99,20911.00,3.49
10,3,1775.19,182.84,9.14,19342.00,3.22
10,4,1996.01,129.74,6.49,20551.00,3.43
10,5,2030.21,122.95,6.15,23629.00,3.94
10,6,1796.90,127.09,6.35,19798.00,3.30
10,7,1907.22,168.84,8.44,17275.00,2.88
10,8,1955.02,139.61,6.98,17016.00,2.84
10,9,1676.86,150.73,7.54,23869.00,3.98
10,10,1551.45,141.74,7.09,22439.00,3.74
10,11,1972.33,205.06,10.25,23892.00,3.98
10,12,1825.58,153.71,7.69,22863.00,3.81
11,1,2130.42,193.21,9.66,23916.00,3.99
11,2,1857.72,113.50,5.68,16337.00,2.72
11,3,1940.69,132.50,6.63,16878.00,2.81
11,4,2226.32,139.79,6.99,17076.00,2.85
11,5,1346.02,164.55,8.23,20887.00,3.48
11,6,2176.08,140.72,7.04,19993.00,3.33
11,7,1573.97,154.39,7.72,22360.00,3.73
11,8,1960.74,156.85,7.84,20859.00,3.48
11,9,1947.62,195.16,9.76,22331.00,3.72
11,10,2067.66,177.99,8.90,16379.00,2.73
11,11,2322.00,213.72,10.69,16492.00,2.75
11,12,1611.59,111.82,5.59,23208.00,3.87
12,1,1295.97,173.02,8.65,21276.00,3.55
12,2,1591.78,216.32,10.82,18062.00,3.01
12,3,1694.33,132.78,6.64,19884.00,3.31
12,4,1347.10,141.39,7.07,16064.00,2.68
12,5,2131.22,136.01,6.80,18568.00,3.09
12,6,1984.34,151.57,7.58,21463.00,3.58
12,7,2021.98,132.19,6.61,21248.00,3.54
12,8,1590.40,169.68,8.48,18027.00,3.00
12,9,1626.26,201.68,10.08,18695.00,3.12
12,10,1516.13,110.13,5.51,17495.00,2.92
12,11,1887.07,151.31,7.57,23230.00,3.87
12,12,1777.15,126.14,6.31,21258.00,3.54
13,1,1912.21,132.06,6.60,21618.00,3.60
13,2,1712.13,129.29,6.46,22736.00,3.79
13,3,2410.01,133.47,6.67,16391.00,2.73
13,4,2155.61,133.06,6.65,21794.00,3.63
13,5,1742.63,156.15,7.81,20514.00,3.42
13,6,1941.09,178.71,8.94,22432.00,3.74
13,7,1885.64,160.82,8.04,20474.00,3.41
13,8,1878.78,126.27,6.31,21892.00,3.65
13,9,1384.34,143.10,7.16,19561.00,3.26
13,10,1922.48,150.82,7.54,18278.00,3.05
13,11,1676.39,175.93,8.80,23161.00,3.86
13,12,1488.79,116.09,5.80,22184.00,3.70
14,1,1557.24,134.88,6.74,19099.00,3.18
14,2,1577.41,158.08,7.90,22278.00,3.71
14,3,2058.74,135.81,6.79,16200.00,2.70
14,4,1293.96,142.68,7.13,21959.00,3.66
14,5,2004.51,180.15,9.01,20875.00,3.48
14,6,1591.23,129.24,6.46,23073.00,3.85
14,7,1576.34,124.11,6.21,19104.00,3.18
14,8,2030.63,121.81,6.09,23215.00,3.87
14,9,1648.45,120.55,6.03,20598.00,3.43
14,10,2098.44,130.81,6.54,18454.00,3.08
14,11,1842.26,111.97,5.60,19645.00,3.27
14,12,1975.06,153.10,7.66,21847.00,3.64
15,1,1301.14,145.71,7.29,16804.00,2.80
15,2,2342.19,170.28,8.51,22242.00,3.71
15,3,1300.35,152.99,7.65,18731.00,3.12
15,4,1822.85,149.33,7.47,21991.00,3.67
15,5,2257.32,141.67,7.08,18773.00,3.13
15,6,1574.90,148.15,7.41,17570.00,2.93
15,7,1795.31,149.91,7.50,21056.00,3.51
15,8,1647.08,154.07,7.70,23906.00,3.98
15,9,2267.39,101.26,5.06,22756.00,3.79
15,10,1526.12,129.41,6.47,21581.00,3.60
15,11,2245.72,134.25,6.71,18690.00,3.12
15,12,1641.30,163.93,8.20,19840.00,3.31
16,1,1314.30,162.99,8.15,17028.00,2.84
16,2,1767.59,168.97,8.45,23385.00,3.90
16,3,1630.92,122.35,6.12,16502.00,2.75
16,4,2284.27,120.34,6.02,22910.00,3.82
16,5,2182.95,149.74,7.49,20493.00,3.42
16,6,1570.69,182.46,9.12,16870.00,2.81
16,7,1885.13,134.40,6.72,22938.00,3.82
16,8,1642.20,176.62,8.83,20488.00,3.41
16,9,1597.82,144.66,7.23,16206.00,2.70
16,10,1863.02,173.07,8.65,21134.00,3.52
16,11,2061.57,202.61,10.13,21977.00,3.66
16,12,1790.68,186.02,9.30,23721.00,3.95
17,1,1696.95,157.15,7.86,23035.00,3.84
17,2,1728.59,182.94,9.15,17484.00,2.91
17,3,1373.88,109.99,5.50,23858.00,3.98
17,4,2133.29,137.13,6.86,23742.00,3.96
17,5,1713.44,146.20,7.31,16863.00,2.81
17,6,1452.44,123.09,6.15,18790.00,3.13
17,7,2127.71,132.06,6.60,23408.00,3.90
17,8,1667.21,185.78,9.29,16563.00,2.76
17,9,1774.65,184.57,9.23,21116.00,3.52
17,10,1505.77,120.68,6.03,20191.00,3.37
17,11,1542.52,100.86,5.04,22019.00,3.67
17,12,1636.20,177.02,8.85,17757.00,2.96
18,1,1944.19,168.20,8.41,22628.00,3.77
18,2,1664.22,132.60,6.63,23574.00,3.93
18,3,1701.30,172.30,8.62,22374.00,3.73
18,4,1867.72,178.67,8.93,22892.00,3.82
18,5,1765.69,163.93,8.20,17678.00,2.95
18,6,2034.18,159.04,7.95,19242.00,3.21
18,7,2052.15,176.07,8.80,20636.00,3.44
18,8,1831.11,167.10,8.36,17059.00,2.84
18,9,1742.88,164.49,8.22,22668.00,3.78
18,10,1568.78,136.62,6.83,21279.00,3.55
18,11,2048.77,181.34,9.07,17722.00,2.95
18,12,1198.23,160.37,8.02,19314.00,3.22
19,1,1790.27,177.42,8.87,19157.00,3.19
19,2,1479.49,159.42,7.97,21915.00,3.65
19,3,1583.07,130.00,6.50,18625.00,3.10
19,4,1868.92,169.87,8.49,18729.00,3.12
19,5,1788.62,124.90,6.25,22700.00,3.78
19,6,2099.00,123.25,6.16,17597.00,2.93
19,7,1731.85,170.69,8.53,19060.00,3.18
19,8,1971.83,143.67,7.18,18693.00,3.12
19,9,1644.18,192.78,9.64,20891.00,3.48
19,10,1201.56,162.63,8.13,21147.00,3.52
19,11,1928.19,138.68,6.93,21739.00,3.62
19,12,2002.83,147.24,7.36,19627.00,3.27
20,1,2207.85,124.68,6.23,17363.00,2.89
20,2,1636.64,202.63,10.13,23965.00,3.99
20,3,2207.15,203.63,10.18,17981.00,3.00
20,4,1754.04,151.93,7.60,21450.00,3.58
20,5,2496.38,163.69,8.18,17663.00,2.94
20,6,2120.63,178.88,8.94,17529.00,2.92
20,7,1982.27,124.70,6.24,18038.00,3.01
20,8,2214.77,176.32,8.82,23515.00,3.92
20,9,2291.27,167.01,8.35,21592.00,3.60
20,10,1917.65,143.35,7.17,19302.00,3.22
20,11,2027.96,131.06,6.55,18237.00,3.04
20,12,1912.47,183.51,9.18,23392.00,3.90
21,1,1841.50,138.69,6.93,21504.00,3.58
21,2,2131.59,111.60,5.58,21496.00,3.58
21,3,1708.82,203.55,10.18,17306.00,2.88
21,4,1314.80,148.90,7.45,20029.00,3.34
21,5,2199.19,143.81,7.19,22776.00,3.80
21,6,1712.87,138.44,6.92,18675.00,3.11
21,7,1936.95,139.67,6.98,21068.00,3.51
21,8,1564.92,104.79,5.24,21864.00,3.64
21,9,1708.34,120.84,6.04,17282.00,2.88
21,10,1712.63,126.54,6.33,23526.00,3.92
21,11,1953.78,138.85,6.94,16709.00,2.78
21,12,1819.13,166.11,8.31,21575.00,3.60
22,1,1510.36,158.63,7.93,21530.00,3.59
22,2,1450.80,161.52,8.08,20744.00,3.46
22,3,1976.97,161.39,8.07,20413.00,3.40
22,4,2063.35,127.61,6.38,19748.00,3.29
22,5,1891.38,149.00,7.45,23392.00,3.90
22,6,1401.58,132.61,6.63,23986.00,4.00
22,7,2151.77,141.52,7.08,21353.00,3.56
22,8,1390.28,103.28,5.16,20779.00,3.46
22,9,1672.01,140.74,7.04,16663.00,2.78
22,10,1724.46,200.19,10.01,17998.00,3.00
22,11,1682.06,166.45,8.32,23994.00,4.00
22,12,1504.77,146.51,7.33,19445.00,3.24
23,1,1906.24,156.45,7.82,19743.00,3.29
23,2,2037.08,119.10,5.96,21727.00,3.62
23,3,1561.96,173.70,8.69,17495.00,2.92
23,4,1905.86,175.00,8.75,19304.00,3.22
23,5,2293.12,150.38,7.52,19763.00,3.29
23,6,1745.09,184.06,9.20,21232.00,3.54
23,7,2226.12,130.57,6.53,17853.00,2.98
23,8,1938.69,140.50,7.03,21616.00,3.60
23,9,1881.49,125.72,6.29,22585.00,3.76
23,10,1476.58,165.37,8.27,20659.00,3.44
23,11,2330.39,120.41,6.02,17291.00,2.88
23,12,1681.04,153.23,7.66,19581.00,3.26
24,1,1769.35,178.75,8.94,23974.00,4.00
24,2,2348.98,144.70,7.24,19457.00,3.24
24,3,1853.20,130.38,6.52,23554.00,3.93
24,4,1623.48,173.80,8.69,23280.00,3.88
24,5,1971.50,166.29,8.31,17636.00,2.94
24,6,2375.38,144.06,7.20,19696.00,3.28
24,7,1768.82,194.11,9.71,18999.00,3.17
24,8,1536.01,179.96,9.00,19152.00,3.19
24,9,1757.64,142.04,7.10,16698.00,2.78
24,10,1937.38,127.48,6.37,18160.00,3.03
24,11,1374.48,134.14,6.71,20097.00,3.35
24,12,2090.25,124.52,6.23,20737.00,3.46
25,1,1865.32,150.38,7.52,22363.00,3.73
25,2,1837.82,141.27,7.06,21685.00,3.61
25,3,2330.44,145.00,7.25,16854.00,2.81
25,4,1685.32,139.75,6.99,21855.00,3.64
25,5,1696.59,128.60,6.43,23392.00,3.90
25,6,2057.10,171.31,8.57,22528.00,3.75
25,7,1795.87,147.20,7.36,19474.00,3.25
25,8,1943.88,182.00,9.10,21757.00,3.63
25,9,1586.61,127.70,6.39,21249.00,3.54
25,10,1441.28,157.45,7.87,21172.00,3.53
25,11,1724.58,120.47,6.02,17707.00,2.95
25,12,1597.83,119.65,5.98,18777.00,3.13
26,1,1989.40,152.33,7.62,21791.00,3.63
26,2,1880.10,127.28,6.36,17733.00,2.96
26,3,1950.70,145.50,7.28,21535.00,3.59
26,4,1837.50,167.47,8.37,22390.00,3.73
26,5,1973.80,117.96,5.90,20931.00,3.49
26,6,1663.95,132.83,6.64,19510.00,3.25
26,7,1350.89,164.24,8.21,16202.00,2.70
26,8,1769.80,145.05,7.25,19255.00,3.21
26,9,1828.86,182.13,9.11,20218.00,3.37
26,10,1584.89,167.45,8.37,20496.00,3.42
26,11,1940.92,191.60,9.58,16766.00,2.79
26,12,2265.75,160.90,8.05,20389.00,3.40
27,1,2149.57,127.18,6.36,18327.00,3.05
27,2,1730.88,144.91,7.25,18931.00,3.16
27,3,1712.33,172.65,8.63,23777.00,3.96
27,4,1736.29,179.59,8.98,16197.00,2.70
27,5,1346.31,161.43,8.07,23125.00,3.85
27,6,1681.85,110.51,5.53,17930.00,2.99
27,7,2108.74,132.19,6.61,19582.00,3.26
27,8,1602.11,112.87,5.64,22895.00,3.82
27,9,1360.54,171.30,8.57,22287.00,3.71
27,10,1875.51,153.05,7.65,16608.00,2.77
27,11,1559.50,202.21,10.11,19272.00,3.21
27,12,2043.61,188.27,9.41,17147.00,2.86
28,1,1659.89,114.73,5.74,20282.00,3.38
28,2,1578.29,146.16,7.31,19397.00,3.23
28,3,1703.83,137.95,6.90,18511.00,3.09
28,4,1698.69,158.14,7.91,23516.00,3.92
28,5,1991.49,146.98,7.35,17794.00,2.97
28,6,2256.45,161.75,8.09,16659.00,2.78
28,7,1194.65,187.69,9.38,18811.00,3.14
28,8,1591.22,147.59,7.38,23098.00,3.85
28,9,1982.05,108.62,5.43,22051.00,3.68
28,10,1834.65,149.89,7.49,22546.00,3.76
28,11,1731.42,148.37,7.42,17369.00,2.89
28,12,2216.90,141.30,7.07,17986.00,3.00
29,1,1894.67,145.16,7.26,21630.00,3.61
29,2,1975.18,168.19,8.41,16146.00,2.69
29,3,1472.94,106.10,5.31,19219.00,3.20
29,4,1548.35,145.51,7.28,18911.00,3.15
29,5,1667.03,180.70,9.04,17734.00,2.96
29,6,2130.63,105.79,5.29,17843.00,2.97
29,7,1864.28,126.87,6.34,16488.00,2.75
29,8,1681.44,120.95,6.05,18976.00,3.16
29,9,1282.28,181.61,9.08,17959.00,2.99
29,10,1437.82,161.73,8.09,21759.00,3.63
29,11,2027.28,136.24,6.81,22694.00,3.78
29,12,1815.40,148.77,7.44,18385.00,3.06
30,1,1819.99,199.83,9.99,18919.00,3.15
30,2,2262.41,133.32,6.67,20736.00,3.46
30,3,1989.90,144.81,7.24,17802.00,2.97
30,4,1502.19,209.99,10.50,22616.00,3.77
30,5,2006.28,161.83,8.09,22065.00,3.68
30,6,2327.49,155.19,7.76,22294.00,3.72
30,7,1840.68,141.01,7.05,21534.00,3.59
30,8,1520.81,179.38,8.97,20061.00,3.34
30,9,1370.97,194.35,9.72,19369.00,3.23
30,10,1496.01,184.41,9.22,21730.00,3.62
30,11,1779.67,106.01,5.30,16262.00,2.71
30,12,1717.53,148.97,7.45,21883.00,3.65
31,1,3477.19,227.92,6.84,76954.00,32.06
31,2,4115.63,227.89,6.84,68064.30,28.36
31,3,3081.48,229.24,6.88,79067.64,32.94
31,4,3403.08,346.76,10.40,91322.42,38.05
31,5,3584.79,263.71,7.91,66721.85,27.80
31,6,2897.23,266.07,7.98,66722.08,27.80
31,7,3291.18,295.48,8.86,92108.98,38.38
31,8,3157.93,256.70,7.70,80744.09,33.64
31,9,3211.54,232.31,6.97,63427.36,26.43
31,10,2663.00,235.38,7.06,77595.84,32.33
31,11,3165.44,241.49,7.24,63512.15,26.46
31,12,3463.74,243.18,7.30,63479.78,26.45
32,1,4064.22,280.65,8.42,73387.47,30.58
32,2,3754.34,247.55,7.43,43214.08,18.01
32,3,4506.50,280.90,8.43,45851.15,19.10
32,4,2666.57,241.04,7.23,62127.97,25.89
32,5,3699.56,248.85,7.47,55820.36,23.26
32,6,3265.51,147.09,4.41,74399.46,31.00
32,7,4529.58,289.90,8.70,57287.66,23.87
32,8,2640.77,261.98,7.86,50227.75,20.93
32,9,2620.98,293.90,8.82,90519.08,37.72
32,10,2772.38,103.08,3.09,66839.13,27.85
32,11,1811.95,347.33,10.42,70945.39,29.56
32,12,2818.77,238.16,7.14,50053.53,20.86
33,1,2671.75,299.30,8.98,62378.64,25.99
33,2,3244.75,194.04,5.82,71552.92,29.81
33,3,3365.31,275.03,8.25,53886.09,22.45
33,4,4331.99,193.38,5.80,75259.77,31.36
33,5,3748.77,214.44,6.43,61591.06,25.66
33,6,2786.55,338.79,10.16,65916.29,27.47
33,7,2584.00,235.66,7.07,61576.11,25.66
33,8,3459.91,255.65,7.67,95931.89,39.97
33,9,2318.25,287.63,8.63,69811.04,29.09
33,10,4303.82,269.29,8.08,55192.05,23.00
33,11,3893.05,252.37,7.57,81515.63,33.96
33,12,2854.42,262.88,7.89,52908.19,22.05
34,1,2070.73,362.77,10.88,72924.09,30.39
34,2,4002.94,242.18,7.27,42564.62,17.74
34,3,3077.84,254.85,7.65,51405.40,21.42
34,4,3929.82,296.48,8.89,72756.06,30.32
34,5,2145.51,299.17,8.98,80338.53,33.47
34,6,2772.39,303.16,9.09,72399.16,30.17
34,7,3153.30,276.30,8.29,68380.92,28.49
34,8,3179.60,188.99,5.67,65784.55,27.41
34,9,2866.46,325.04,9.75,49300.69,20.54
34,10,3542.40,188.83,5.66,59922.18,24.97
34,11,2477.40,259.83,7.79,63551.06,26.48
34,12,3060.30,208.04,6.24,84799.71,35.33
35,1,3225.79,241.86,7.26,74810.66,31.17
35,2,3474.10,261.11,7.83,45317.44,18.88
35,3,3598.32,260.75,7.82,74537.18,31.06
35,4,2441.48,265.67,7.97,64608.85,26.92
35,5,2183.51,324.07,9.72,60523.09,25.22
35,6,3954.94,267.22,8.02,78563.47,32.73
35,7,3359.36,233.04,6.99,84433.99,35.18
35,8,2678.45,292.24,8.77,83037.92,34.60
35,9,4127.23,303.28,9.10,58250.95,24.27
35,10,3222.88,184.85,5.55,65671.03,27.36
35,11,3892.96,274.27,8.23,74637.69,31.10
35,12,3192.54,279.36,8.38,83657.63,34.86
36,1,4448.27,230.42,6.91,63291.56,26.37
36,2,4255.86,312.41,9.37,67400.77,28.08
36,3,2993.15,237.65,7.13,54511.31,22.71
36,4,3762.09,251.15,7.53,53253.11,22.19
36,5,3556.59,236.52,7.10,81375.36,33.91
36,6,4012.24,245.76,7.37,88987.36,37.08
36,7,2542.10,191.28,5.74,68991.86,28.75
36,8,3582.21,174.44,5.23,84049.46,35.02
36,9,3816.81,323.13,9.69,75062.90,31.28
36,10,2041.99,203.50,6.11,60968.32,25.40
36,11,2404.55,196.42,5.89,75059.54,31.27
36,12,1865.28,139.48,4.18,91532.51,38.14
37,1,2980.27,213.69,6.41,69498.44,28.96
37,2,3602.05,180.17,5.41,91905.01,38.29
37,3,4096.48,325.46,9.76,33323.57,13.88
37,4,3196.68,294.48,8.83,81506.64,33.96
37,5,4176.03,211.28,6.34,71218.66,29.67
37,6,2280.54,355.37,10.66,65813.90,27.42
37,7,2076.87,293.11,8.79,71284.65,29.70
37,8,3115.00,229.08,6.87,42174.04,17.57
37,9,3391.96,122.53,3.68,66924.59,27.89
37,10,3129.40,357.26,10.72,74999.58,31.25
37,11,1847.51,176.91,5.31,90690.52,37.79
37,12,3093.85,164.38,4.93,62744.22,26.14
38,1,2328.18,295.11,8.85,58681.09,24.45
38,2,3571.89,364.55,10.94,62975.40,26.24
38,3,3380.96,312.83,9.38,82815.63,34.51
38,4,2557.88,272.63,8.18,74602.52,31.08
38,5,2826.26,274.14,8.22,62583.36,26.08
38,6,2482.70,286.82,8.60,77185.74,32.16
38,7,3110.51,282.19,8.47,71359.09,29.73
38,8,3751.74,258.78,7.76,83561.03,34.82
38,9,2528.99,250.11,7.50,60171.26,25.07
38,10,3467.55,241.93,7.26,65412.73,27.26
38,11,2815.94,208.06,6.24,64510.49,26.88
38,12,2650.49,231.25,6.94,49510.79,20.63
39,1,3082.57,162.05,4.86,74145.68,30.89
39,2,2497.80,240.18,7.21,73654.77,30.69
39,3,2801.20,196.56,5.90,70071.59,29.20
39,4,2395.34,190.92,5.73,66715.78,27.80
39,5,4387.78,253.81,7.61,50184.81,20.91
39,6,3172.22,313.21,9.40,64110.97,26.71
39,7,2709.17,290.00,8.70,65202.00,27.17
39,8,3284.81,168.05,5.04,58768.12,24.49
39,9,3079.23,196.51,5.90,67742.00,28.23
39,10,3010.79,291.10,8.73,75656.71,31.52
39,11,3536.93,196.86,5.91,96406.60,40.17
39,12,3627.23,233.99,7.02,72444.09,30.19
40,1,2815.78,271.95,8.16,73605.71,30.67
40,2,2787.23,197.55,5.93,68957.76,28.73
40,3,2976.72,250.16,7.50,43137.20,17.97
40,4,1699.79,179.63,5.39,69628.81,29.01
40,5,2195.43,215.53,6.47,70843.22,29.52
40,6,4011.13,260.67,7.82,104485.39,43.54
40,7,4186.33,166.94,5.01,67306.95,28.04
40,8,2993.11,266.58,8.00,74221.66,30.93
40,9,3513.23,244.04,7.32,69514.04,28.96
40,10,3346.09,272.07,8.16,53638.51,22.35
40,11,5089.69,255.97,7.68,85999.52,35.83
40,12,3855.33,311.84,9.36,80527.06,33.55
41,1,3069.41,251.14,7.53,81074.45,33.78
41,2,2548.01,223.96,6.72,57268.58,23.86
41,3,2137.94,250.99,7.53,89639.12,37.35
41,4,3278.18,271.62,8.15,50374.09,20.99
41,5,2673.50,247.39,7.42,78216.00,32.59
41,6,2253.98,246.99,7.41,100666.38,41.94
41,7,2742.66,210.60,6.32,56132.49,23.39
41,8,2468.62,212.52,6.38,62071.83,25.86
41,9,4212.90,176.27,5.29,71395.12,29.75
41,10,3705.43,330.73,9.92,62951.34,26.23
41,11,3144.98,184.05,5.52,48290.71,20.12
41,12,4082.36,211.05,6.33,70959.88,29.57
42,1,3198.74,209.80,6.29,55127.75,22.97
42,2,2607.39,288.85,8.67,76630.29,31.93
42,3,4109.57,230.55,6.92,57128.06,23.80
42,4,3489.51,306.14,9.18,91699.08,38.21
42,5,2496.53,212.00,6.36,59034.45,24.60
42,6,3030.09,258.67,7.76,65491.14,27.29
42,7,2598.36,204.07,6.12,81389.24,33.91
42,8,2278.84,350.11,10.50,52767.90,21.99
42,9,3733.49,186.81,5.60,73184.44,30.49
42,10,4352.93,260.18,7.81,88300.00,36.79
42,11,2268.90,276.06,8.28,47495.23,19.79
42,12,3504.67,265.28,7.96,72584.87,30.24
43,1,2740.10,235.92,7.08,73638.36,30.68
43,2,2843.11,238.64,7.16,80945.52,33.73
43,3,2776.79,247.15,7.41,52682.69,21.95
43,4,2605.69,237.80,7.13,51513.61,21.46
43,5,3180.57,292.23,8.77,77307.18,32.21
43,6,2626.50,353.32,10.60,74157.79,30.90
43,7,3320.39,217.68,6.53,73506.90,30.63
43,8,3118.35,177.88,5.34,74850.27,31.19
43,9,2999.46,240.67,7.22,60479.65,25.20
43,10,2578.23,371.41,11.14,73251.55,30.52
43,11,2786.63,205.62,6.17,74103.01,30.88
43,12,3625.90,325.32,9.76,59999.08,25.00
44,1,3465.58,327.21,9.82,96120.84,40.05
44,2,2534.14,217.87,6.54,76633.66,31.93
44,3,3212.58,272.88,8.19,53321.75,22.22
44,4,3623.37,324.79,9.74,79191.75,33.00
44,5,2098.27,226.42,6.79,56354.46,23.48
44,6,3492.32,235.02,7.05,81019.18,33.76
44,7,2732.55,216.50,6.50,86220.34,35.93
44,8,3509.48,195.28,5.86,58510.45,24.38
44,9,2669.15,213.19,6.40,83487.27,34.79
44,10,2012.92,185.03,5.55,75778.93,31.57
44,11,2124.65,246.67,7.40,81508.84,33.96
44,12,3180.29,207.27,6.22,96555.10,40.23
45,1,3313.63,256.46,7.69,66564.57,27.74
45,2,2580.28,168.76,5.06,59447.69,24.77
45,3,3552.31,261.21,7.84,57546.80,23.98
45,4,2103.24,285.84,8.58,58578.66,24.41
45,5,3108.37,147.31,4.42,68920.58,28.72
45,6,2387.06,263.33,7.90,74776.13,31.16
45,7,2739.34,305.16,9.15,73873.67,30.78
45,8,3179.86,185.73,5.57,81580.57,33.99
45,9,2607.94,326.96,9.81,70182.03,29.24
45,10,2907.73,265.53,7.97,90349.48,37.65
45,11,3783.96,210.45,6.31,66294.80,27.62
45,12,2786.56,242.27,7.27,108082.37,45.03
46,1,4084.98,272.36,8.17,78759.34,32.82
46,2,2709.21,248.72,7.46,57999.79,24.17
46,3,3870.86,271.40,8.14,55007.51,22.92
46,4,4509.10,199.89,6.00,76754.61,31.98
46,5,1769.85,253.30,7.60,66871.52,27.86
46,6,2942.17,175.73,5.27,79996.01,33.33
46,7,3903.95,239.55,7.19,76625.33,31.93
46,8,3357.87,200.71,6.02,68980.40,28.74
46,9,3759.80,208.96,6.27,58144.89,24.23
46,10,3077.21,305.57,9.17,48792.14,20.33
46,11,3560.61,298.47,8.95,63748.79,26.56
46,12,3391.03,274.85,8.25,81989.58,34.16
47,1,4317.45,191.48,5.74,72997.31,30.42
47,2,3678.09,229.50,6.89,52559.66,21.90
47,3,3736.32,304.44,9.13,72424.53,30.18
47,4,3211.69,251.94,7.56,75394.44,31.41
47,5,3158.68,358.65,10.76,57626.00,24.01
47,6,3197.21,264.27,7.93,72152.15,30.06
47,7,3776.12,254.41,7.63,70814.92,29.51
47,8,3205.31,229.85,6.90,53998.42,22.50
47,9,3702.84,251.54,7.55,75009.02,31.25
47,10,4952.78,237.53,7.13,77850.98,32.44
47,11,4109.79,279.70,8.39,85162.72,35.48
47,12,3271.78,291.88,8.76,84753.23,35.31
48,1,4340.85,206.49,6.19,50712.63,21.13
48,2,3214.35,179.77,5.39,56870.45,23.70
48,3,2073.31,155.03,4.65,77210.49,32.17
48,4,2794.34,269.89,8.10,77193.00,32.16
48,5,2190.45,190.94,5.73,77210.67,32.17
48,6,3253.94,139.51,4.19,123938.24,51.64
48,7,3512.89,264.04,7.92,77992.47,32.50
48,8,4673.51,367.16,11.01,85897.92,35.79
48,9,3728.85,244.70,7.34,83356.02,34.73
48,10,3346.63,286.09,8.58,79119.48,32.97
48,11,4080.58,249.01,7.47,65586.23,27.33
48,12,1952.21,240.15,7.20,80625.57,33.59
49,1,3664.93,290.03,8.70,59180.45,24.66
49,2,4039.61,230.78,6.92,66684.54,27.79
49,3,2464.99,258.10,7.74,63204.91,26.34
49,4,4300.63,260.76,7.82,71146.24,29.64
49,5,3736.95,212.26,6.37,102405.22,42.67
49,6,3209.30,293.61,8.81,43858.29,18.27
49,7,3942.95,236.43,7.09,79607.64,33.17
49,8,5089.49,207.97,6.24,47421.98,19.76
49,9,3627.31,271.29,8.14,63392.95,26.41
49,10,3673.75,200.98,6.03,85245.31,35.52
49,11,3178.45,246.38,7.39,70899.92,29.54
49,12,2905.11,244.55,7.34,54911.57,22.88
50,1,4081.24,298.21,8.95,59985.75,24.99
50,2,2900.74,268.26,8.05,79514.37,33.13
50,3,3550.10,243.77,7.31,59774.87,24.91
50,4,3165.64,285.07,8.55,73030.42,30.43
50,5,3835.29,313.12,9.39,70638.01,29.43
50,6,3733.56,272.33,8.17,60877.60,25.37
50,7,4226.28,245.51,7.37,100015.22,41.67
50,8,3142.99,180.72,5.42,78874.87,32.86
50,9,3311.09,192.81,5.78,41648.00,17.35
50,10,2814.87,230.04,6.90,72610.36,30.25
50,11,3188.99,215.13,6.45,60734.99,25.31
50,12,3764.11,235.84,7.08,81934.07,34.14
51,1,8830.95,2418.70,24.19,142914.57,119.10
51,2,10452.38,2418.39,24.18,126405.13,105.34
51,3,7825.98,2432.75,24.33,146839.90,122.37
51,4,8642.74,3679.91,36.80,169598.78,141.33
51,5,9104.23,2798.61,27.99,123912.01,103.26
51,6,7358.05,2823.62,28.24,123912.44,103.26
51,7,8358.55,3135.75,31.36,171059.53,142.55
51,8,8020.15,2724.17,27.24,149953.30,124.96
51,9,8156.28,2465.30,24.65,117793.67,98.16
51,10,6763.18,2497.90,24.98,144106.56,120.09
51,11,8039.22,2562.77,25.63,117951.14,98.29
51,12,8796.80,2580.64,25.81,117891.03,98.24
52,1,10321.83,2978.37,29.78,136291.02,113.58
52,2,9534.83,2627.01,26.27,80254.71,66.88
52,3,11445.09,2980.97,29.81,85152.14,70.96
52,4,6772.24,2558.03,25.58,115380.52,96.15
52,5,9395.71,2640.89,26.41,103666.39,86.39
52,6,8293.35,1560.94,15.61,138170.43,115.14
52,7,11503.68,3076.49,30.76,106391.37,88.66
52,8,6706.72,2780.17,27.80,93280.10,77.73
52,9,6656.45,3118.97,31.19,168106.87,140.09
52,10,7040.97,1093.95,10.94,124129.82,103.44
52,11,4601.77,3685.95,36.86,131755.73,109.80
52,12,7158.79,2527.41,25.27,92956.55,77.46
53,1,6785.39,3176.26,31.76,115846.05,96.54
53,2,8240.63,2059.25,20.59,132883.99,110.74
53,3,8546.81,2918.64,29.19,100074.17,83.40
53,4,11001.87,2052.22,20.52,139768.15,116.47
53,5,9520.68,2275.64,22.76,114383.39,95.32
53,6,7076.95,3595.30,35.95,122415.96,102.01
53,7,6562.54,2500.85,25.01,114355.63,95.30
53,8,8787.07,2713.07,27.13,178159.23,148.47
53,9,5887.63,3052.44,30.52,129649.07,108.04
53,10,10930.33,2857.75,28.58,102499.52,85.42
53,11,9887.10,2678.22,26.78,151386.17,126.16
53,12,7249.32,2789.78,27.90,98258.07,81.88
54,1,5258.98,3849.78,38.50,135430.45,112.86
54,2,10166.20,2570.04,25.70,79048.58,65.87
54,3,7816.74,2704.57,27.05,95467.16,79.56
54,4,9980.51,3146.34,31.46,135118.39,112.60
54,5,5448.92,3174.87,31.75,149200.13,124.33
54,6,7041.00,3217.26,32.17,134455.58,112.05
54,7,8008.39,2932.14,29.32,126993.14,105.83
54,8,8075.17,2005.64,20.06,122171.30,101.81
54,9,7279.90,3449.38,34.49,91558.43,76.30
54,10,8996.56,2003.90,20.04,111284.05,92.74
54,11,6291.81,2757.37,27.57,118023.39,98.35
54,12,7772.19,2207.78,22.08,157485.18,131.24
55,1,8192.47,2566.65,25.67,138934.08,115.78
55,2,8823.10,2770.96,27.71,84160.96,70.13
55,3,9138.58,2767.11,27.67,138426.18,115.36
55,4,6200.57,2819.40,28.19,119987.86,99.99
55,5,5545.42,3439.13,34.39,112400.03,93.67
55,6,10044.28,2835.84,28.36,145903.58,121.59
55,7,8531.70,2473.04,24.73,156805.99,130.67
55,8,6802.42,3101.33,31.01,154213.28,128.51
55,9,10481.84,3218.52,32.19,108180.34,90.15
55,10,8185.08,1961.64,19.62,121960.48,101.63
55,11,9886.88,2910.65,29.11,138612.85,115.51
55,12,8108.03,2964.61,29.65,155364.17,129.47
56,1,11297.20,2445.27,24.45,117541.47,97.95
56,2,10808.55,3315.37,33.15,125172.87,104.31
56,3,7601.66,2521.97,25.22,101235.29,84.36
56,4,9554.51,2665.30,26.65,98898.63,82.42
56,5,9032.60,2510.00,25.10,151125.67,125.94
56,6,10189.81,2608.10,26.08,165262.24,137.72
56,7,6456.12,2029.94,20.30,128127.74,106.77
56,8,9097.68,1851.17,18.51,156091.86,130.08
56,9,9693.48,3429.14,34.29,139402.54,116.17
56,10,5186.02,2159.58,21.60,113226.89,94.36
56,11,6106.79,2084.48,20.84,139396.29,116.16
56,12,4737.23,1480.24,14.80,169988.95,141.66
57,1,7568.95,2267.74,22.68,129068.52,107.56
57,2,9148.07,1911.99,19.12,170680.74,142.23
57,3,10403.77,3453.85,34.54,61886.63,51.57
57,4,8118.55,3125.10,31.25,151369.47,126.14
57,5,10605.78,2242.16,22.42,132263.22,110.22
57,6,5791.84,3771.27,37.71,122225.81,101.85
57,7,5274.59,3110.52,31.11,132385.78,110.32
57,8,7911.12,2431.09,24.31,78323.21,65.27
57,9,8614.50,1300.31,13.00,124288.53,103.57
57,10,7947.69,3791.29,37.91,139284.93,116.07
57,11,4692.09,1877.42,18.77,168425.25,140.35
57,12,7857.41,1744.39,17.44,116524.97,97.10
58,1,5912.85,3131.74,31.32,108979.17,90.82
58,2,9071.48,3868.67,38.69,116954.32,97.46
58,3,8586.56,3319.82,33.20,153800.46,128.17
58,4,6496.19,2893.23,28.93,138547.53,115.46
58,5,7177.81,2909.27,29.09,116226.23,96.86
58,6,6305.26,3043.78,30.44,143344.95,119.45
58,7,7899.71,2994.64,29.95,132524.02,110.44
58,8,9528.23,2746.22,27.46,155184.77,129.32
58,9,6422.84,2654.18,26.54,111746.62,93.12
58,10,8806.47,2567.45,25.67,121480.78,101.23
58,11,7151.59,2207.94,22.08,119805.19,99.84
58,12,6731.40,2454.05,24.54,91948.61,76.62
59,1,7828.75,1719.66,17.20,137699.13,114.75
59,2,6343.61,2548.86,25.49,136787.44,113.99
59,3,7114.16,2085.93,20.86,130132.95,108.44
59,4,6083.40,2026.13,20.26,123900.73,103.25
59,5,11143.56,2693.54,26.94,93200.36,77.67
59,6,8056.42,3323.84,33.24,119063.22,99.22
59,7,6880.44,3077.52,30.78,121089.42,100.91
59,8,8342.37,1783.34,17.83,109140.79,90.95
59,9,7820.28,2085.39,20.85,125806.57,104.84
59,10,7646.45,3089.20,30.89,140505.32,117.09
59,11,8982.67,2089.11,20.89,179040.83,149.20
59,12,9212.01,2483.19,24.83,134539.02,112.12
60,1,7151.20,2886.03,28.86,136696.31,113.91
60,2,7078.69,2096.46,20.96,128064.41,106.72
60,3,7559.92,2654.80,26.55,80111.95,66.76
60,4,4316.93,1906.31,19.06,129310.64,107.76
60,5,5575.69,2287.29,22.87,131565.99,109.64
60,6,10187.00,2766.29,27.66,194044.29,161.70
60,7,10631.95,1771.64,17.72,124998.61,104.17
60,8,7601.54,2829.05,28.29,137840.23,114.87
60,9,8922.49,2589.79,25.90,129097.49,107.58
60,10,8498.00,2887.29,28.87,99614.37,83.01
60,11,12926.21,2716.44,27.16,159713.39,133.09
60,12,9791.32,3309.35,33.09,149550.26,124.63
61,1,44154.77,17675.12,17.68,769539.98,3847.70
61,2,52261.91,17672.82,17.67,680643.00,3403.22
61,3,39129.92,17777.79,17.78,790676.40,3953.38
61,4,43213.69,26891.64,26.89,913224.18,4566.12
61,5,45521.15,20451.35,20.45,667218.53,3336.09
61,6,36790.24,20634.16,20.63,667220.83,3336.10
61,7,41792.74,22915.08,22.92,921089.79,4605.45
61,8,40100.74,19907.40,19.91,807440.86,4037.20
61,9,40781.41,18015.64,18.02,634273.59,3171.37
61,10,33815.92,18253.87,18.25,775958.41,3879.79
61,11,40196.08,18727.92,18.73,635121.52,3175.61
61,12,43983.99,18858.56,18.86,634797.83,3173.99
62,1,51609.15,21764.99,21.76,733874.72,3669.37
62,2,47674.17,19197.39,19.20,432140.77,2160.70
62,3,57225.46,21784.03,21.78,458511.50,2292.56
62,4,33861.22,18693.28,18.69,621279.75,3106.40
62,5,46978.57,19298.81,19.30,558203.64,2791.02
62,6,41466.74,11406.84,11.41,743994.63,3719.97
62,7,57518.42,22482.05,22.48,572876.63,2864.38
62,8,33533.61,20316.66,20.32,502277.48,2511.39
62,9,33282.23,22792.44,22.79,905190.83,4525.95
62,10,35204.86,7994.23,7.99,668391.32,3341.96
62,11,23008.83,26935.82,26.94,709453.95,3547.27
62,12,35793.96,18469.56,18.47,500535.25,2502.68
63,1,33926.94,23211.09,23.21,623786.42,3118.93
63,2,41203.15,15048.36,15.05,715529.16,3577.65
63,3,42734.05,21328.54,21.33,538860.90,2694.30
63,4,55009.37,14997.02,15.00,752597.72,3762.99
63,5,47603.39,16629.68,16.63,615910.58,3079.55
63,6,35384.77,26273.32,26.27,659162.88,3295.81
63,7,32812.68,18275.41,18.28,615761.07,3078.81
63,8,43935.35,19826.24,19.83,959318.95,4796.59
63,9,29438.13,22306.26,22.31,698110.39,3490.55
63,10,54651.67,20883.59,20.88,551920.47,2759.60
63,11,49435.52,19571.59,19.57,815156.29,4075.78
63,12,36246.59,20386.85,20.39,529081.89,2645.41
64,1,26294.92,28132.98,28.13,729240.90,3646.20
64,2,50830.98,18781.05,18.78,425646.18,2128.23
64,3,39083.68,19764.18,19.76,514053.95,2570.27
64,4,49902.53,22992.49,22.99,727560.57,3637.80
64,5,27244.58,23201.00,23.20,803385.32,4016.93
64,6,35205.00,23510.72,23.51,723991.56,3619.96
64,7,40041.95,21427.17,21.43,683809.24,3419.05
64,8,40375.84,14656.58,14.66,657845.48,3289.23
64,9,36399.48,25207.04,25.21,493006.92,2465.03
64,10,44982.80,14643.89,14.64,599221.81,2996.11
64,11,31459.04,20150.01,20.15,635510.57,3177.55
64,12,38860.96,16133.75,16.13,847997.11,4239.99
65,1,40962.37,18756.27,18.76,748106.56,3740.53
65,2,44115.51,20249.30,20.25,453174.38,2265.87
65,3,45692.92,20221.16,20.22,745371.76,3726.86
65,4,31002.86,20603.30,20.60,646088.48,3230.44
65,5,27727.09,25132.10,25.13,605230.92,3026.15
65,6,50221.41,20723.43,20.72,785634.68,3928.17
65,7,42658.51,18072.20,18.07,844339.93,4221.70
65,8,34012.11,22663.53,22.66,830379.22,4151.90
65,9,52409.22,23519.99,23.52,582509.55,2912.55
65,10,40925.40,14335.09,14.34,656710.27,3283.55
65,11,49434.38,21270.12,21.27,746376.88,3731.88
65,12,40540.15,21664.46,21.66,836576.32,4182.88
66,1,56485.98,17869.26,17.87,632915.61,3164.58
66,2,54042.73,24227.69,24.23,674007.74,3370.04
66,3,38008.29,18429.79,18.43,545113.10,2725.57
66,4,47772.57,19477.19,19.48,532531.07,2662.66
66,5,45163.01,18342.33,18.34,813753.62,4068.77
66,6,50949.05,19059.20,19.06,889873.60,4449.37
66,7,32280.61,14834.15,14.83,689918.58,3449.59
66,8,45488.41,13527.81,13.53,840494.61,4202.47
66,9,48467.40,25059.12,25.06,750629.04,3753.15
66,10,25930.08,15781.55,15.78,609683.23,3048.42
66,11,30533.93,15232.71,15.23,750595.38,3752.98
66,12,23686.14,10817.12,10.82,915325.12,4576.63
67,1,37844.75,16571.95,16.57,694984.35,3474.92
67,2,45740.34,13972.26,13.97,919050.11,4595.25
67,3,52018.86,25239.66,25.24,333235.69,1666.18
67,4,40592.76,22837.30,22.84,815066.35,4075.33
67,5,53028.92,16385.03,16.39,712186.59,3560.93
67,6,28959.19,27559.26,27.56,658138.97,3290.69
67,7,26372.94,22730.71,22.73,712846.51,3564.23
67,8,39555.62,17765.64,17.77,421740.35,2108.70
67,9,43072.52,9502.26,9.50,669245.94,3346.23
67,10,39738.44,27705.58,27.71,749995.76,3749.98
67,11,23460.46,13719.62,13.72,906905.17,4534.53
67,12,39287.04,12747.48,12.75,627442.17,3137.21
68,1,29564.24,22885.77,22.89,586810.90,2934.05
68,2,45357.38,28271.06,28.27,629754.01,3148.77
68,3,42932.79,24260.24,24.26,828156.30,4140.78
68,4,32480.96,21142.85,21.14,746025.16,3730.13
68,5,35889.06,21260.07,21.26,625833.57,3129.17
68,6,31526.29,22242.98,22.24,771857.44,3859.29
68,7,39498.57,21883.93,21.88,713590.86,3567.95
68,8,47641.14,20068.53,20.07,835610.30,4178.05
68,9,32114.19,19395.96,19.40,601712.57,3008.56
68,10,44032.37,18762.15,18.76,654127.30,3270.64
68,11,35757.94,16134.93,16.13,645104.86,3225.52
68,12,33657.02,17933.43,17.93,495107.91,2475.54
69,1,39143.76,12566.76,12.57,741456.84,3707.28
69,2,31718.06,18626.31,18.63,736547.74,3682.74
69,3,35570.81,15243.35,15.24,700715.88,3503.58
69,4,30416.98,14806.36,14.81,667157.80,3335.79
69,5,55717.80,19683.60,19.68,501848.10,2509.24
69,6,40282.11,24289.61,24.29,641109.65,3205.55
69,7,34402.20,22489.60,22.49,652019.97,3260.10
69,8,41711.84,13032.10,13.03,587681.18,2938.41
69,9,39101.38,15239.41,15.24,677420.00,3387.10
69,10,38232.24,22574.93,22.57,756567.12,3782.84
69,11,44913.33,15266.55,15.27,964066.03,4820.33
69,12,46060.06,18146.39,18.15,724440.89,3622.20
70,1,35755.99,21090.20,21.09,736057.05,3680.29
70,2,35393.45,15320.29,15.32,689577.57,3447.89
70,3,37799.59,19400.43,19.40,431372.03,2156.86
70,4,21584.63,13930.70,13.93,696288.06,3481.44
70,5,27878.47,16714.80,16.71,708432.23,3542.16
70,6,50934.99,20215.17,20.22,1044853.90,5224.27
70,7,53159.74,12946.62,12.95,673069.46,3365.35
70,8,38007.71,20673.80,20.67,742216.63,3711.08
70,9,44612.46,18925.38,18.93,695140.35,3475.70
70,10,42490.00,21099.46,21.10,536385.07,2681.93
70,11,64631.05,19850.87,19.85,859995.19,4299.98
70,12,48956.60,24183.73,24.18,805270.62,4026.35